S001,10
S001,0
S001,0
S001,0
S001,0

S002,12

S002,0

S002,0

S002,0

S002,0

S003,11

S003,0

S003,0

S003,0

S003,0

S004,11

S004,0

S004,0

S004,0

S004,0

S005,8

S005,0

S005,0

S005,0

S005,0

S006,8

S006,0

S006,0

S006,0

S006,0

S007,12

S007,0

S007,0

S007,0

S007,0

S008,14

S008,0

S008,0

S008,0

S008,0

S009,12

S009,0

S009,0

S009,0

S009,0

S010,2

S010,0

S010,0

S010,0

S010,0

S011,9

S011,0

S011,0

S011,0

S011,0

S012,9

S012,0

S012,0

S012,0

S012,0

S013,2

S013,0

S013,0

S013,0

S013,0

S014,4

S014,0

S014,0

S014,0

S014,0

S015,8

S015,0

S015,0

S015,0

S015,0

S016,10

S016,0

S016,0

S016,0

S016,0

S017,1

S017,0

S017,0

S017,0

S017,0

S018,10

S018,0

S018,0

S018,0

S018,0

S019,10

S019,0

S019,0

S019,0

S019,0

S020,9

S020,0

S020,0

S020,0

S020,0

S021,1

S021,0

S021,0

S021,0

S021,0

S022,8

S022,0

S022,0

S022,0

S022,0

S023,14

S023,0

S023,0

S023,0

S023,0

S024,8

S024,0

S024,0

S024,0

S024,0

S025,8

S025,0

S025,0

S025,0

S025,0

S026,1

S026,0

S026,0

S026,0

S026,0

S027,5

S027,0

S027,0

S027,0

S027,0

S028,6

S028,0

S028,0

S028,0

S028,0

S029,8

S029,0

S029,0

S029,0

S029,0

S030,8

S030,0

S030,0

S030,0

S030,0

S031,3

S031,0

S031,0

S031,0

S031,0

S032,5

S032,0

S032,0

S032,0

S032,0

S033,10

S033,0

S033,0

S033,0

S033,0

S034,8

S034,0

S034,0

S034,0

S034,0

S035,10

S035,0

S035,0

S035,0

S035,0

S036,8

S036,0

S036,0

S036,0

S036,0

S037,8

S037,0

S037,0

S037,0

S037,0

S038,5

S038,0

S038,0

S038,0

S038,0

S039,9

S039,0

S039,0

S039,0

S039,0

S040,7

S040,0

S040,0

S040,0

S040,0

S041,8

S041,0

S041,0

S041,0

S041,0

S042,11

S042,0

S042,0

S042,0

S042,0

S043,10

S043,0

S043,0

S043,0

S043,0

S044,8

S044,0

S044,0

S044,0

S044,0

S045,7

S045,0

S045,0

S045,0

S045,0

S046,6

S046,0

S046,0

S046,0

S046,0

S047,4

S047,0

S047,0

S047,0

S047,0

S048,4

S048,0

S048,0

S048,0

S048,0

S049,8

S049,0

S049,0

S049,0

S049,0

S050,9

S050,0

S050,0

S050,0

S050,0

S051,4

S051,0

S051,0

S051,0

S051,0

S052,12

S052,0

S052,0

S052,0

S052,0

S053,8

S053,0

S053,0

S053,0

S053,0

S054,11

S054,0

S054,0

S054,0

S054,0

S055,6

S055,0

S055,0

S055,0

S055,0

S056,10

S056,0

S056,0

S056,0

S056,0

S057,8

S057,0

S057,0

S057,0

S057,0

S058,10

S058,0

S058,0

S058,0

S058,0

S059,5

S059,0

S059,0

S059,0

S059,0

S060,8

S060,0

S060,0

S060,0

S060,0

S061,5

S061,0

S061,0

S061,0

S061,0

S062,6

S062,0

S062,0

S062,0

S062,0

S063,3

S063,0

S063,0

S063,0

S063,0

S064,9

S064,0

S064,0

S064,0

S064,0

S065,6

S065,0

S065,0

S065,0

S065,0

S066,11

S066,0

S066,0

S066,0

S066,0

S067,10

S067,0

S067,0

S067,0

S067,0

S068,7

S068,0

S068,0

S068,0

S068,0

S069,12

S069,0

S069,0

S069,0

S069,0

S070,2

S070,0

S070,0

S070,0

S070,0

S071,6

S071,0

S071,0

S071,0

S071,0

S072,13

S072,0

S072,0

S072,0

S072,0

S073,9

S073,0

S073,0

S073,0

S073,0

S074,4

S074,0

S074,0

S074,0

S074,0

S075,9

S075,0

S075,0

S075,0

S075,0

S076,8

S076,0

S076,0

S076,0

S076,0

S077,9

S077,0

S077,0

S077,0

S077,0

S078,12

S078,0

S078,0

S078,0

S078,0

S079,3

S079,0

S079,0

S079,0

S079,0

S080,5

S080,0

S080,0

S080,0

S080,0

S081,10

S081,0

S081,0

S081,0

S081,0

S082,1

S082,0

S082,0

S082,0

S082,0

S083,6

S083,0

S083,0

S083,0

S083,0

S084,6

S084,0

S084,0

S084,0

S084,0

S085,7

S085,0

S085,0

S085,0

S085,0

S086,5

S086,0

S086,0

S086,0

S086,0

S087,7

S087,0

S087,0

S087,0

S087,0

S088,8

S088,0

S088,0

S088,0

S088,0

S089,7

S089,0

S089,0

S089,0

S089,0

S090,3

S090,0

S090,0

S090,0

S090,0

S091,7

S091,0

S091,0

S091,0

S091,0

S092,10

S092,0

S092,0

S092,0

S092,0

S093,10

S093,0

S093,0

S093,0

S093,0

S094,9

S094,0

S094,0

S094,0

S094,0

S095,8

S095,0

S095,0

S095,0

S095,0

S096,8

S096,0

S096,0

S096,0

S096,0

S097,4

S097,0

S097,0

S097,0

S097,0

S098,10

S098,0

S098,0

S098,0

S098,0

S099,9

S099,0

S099,0

S099,0

S099,0

S100,8

S100,0

S100,0

S100,0

S100,0

S101,9

S101,0

S101,0

S101,0

S101,0

S102,12

S102,0

S102,0

S102,0

S102,0

S103,5

S103,0

S103,0

S103,0

S103,0

S104,5

S104,0

S104,0

S104,0

S104,0

S105,9

S105,0

S105,0

S105,0

S105,0

S106,7

S106,0

S106,0

S106,0

S106,0

S107,6

S107,0

S107,0

S107,0

S107,0

S108,10

S108,0

S108,0

S108,0

S108,0

S109,3

S109,0

S109,0

S109,0

S109,0

S110,10

S110,0

S110,0

S110,0

S110,0

S111,7

S111,0

S111,0

S111,0

S111,0

S112,5

S112,0

S112,0

S112,0

S112,0

S113,7

S113,0

S113,0

S113,0

S113,0

S114,8

S114,0

S114,0

S114,0

S114,0

S115,9

S115,0

S115,0

S115,0

S115,0

S116,3

S116,0

S116,0

S116,0

S116,0

S117,11

S117,0

S117,0

S117,0

S117,0

S118,7

S118,0

S118,0

S118,0

S118,0

S119,7

S119,0

S119,0

S119,0

S119,0

S120,4

S120,0

S120,0

S120,0

S120,0

S121,12

S121,0

S121,0

S121,0

S121,0

S122,6

S122,0

S122,0

S122,0

S122,0

S123,6

S123,0

S123,0

S123,0

S123,0

S124,4

S124,0

S124,0

S124,0

S124,0

S125,5

S125,0

S125,0

S125,0

S125,0

S126,12

S126,0

S126,0

S126,0

S126,0

S127,8

S127,0

S127,0

S127,0

S127,0

S128,10

S128,0

S128,0

S128,0

S128,0

S129,8

S129,0

S129,0

S129,0

S129,0

S130,8

S130,0

S130,0

S130,0

S130,0

S131,6

S131,0

S131,0

S131,0

S131,0

S132,6

S132,0

S132,0

S132,0

S132,0

S133,5

S133,0

S133,0

S133,0

S133,0

S134,4

S134,0

S134,0

S134,0

S134,0

S135,8

S135,0

S135,0

S135,0

S135,0

S136,14

S136,0

S136,0

S136,0

S136,0

S137,4

S137,0

S137,0

S137,0

S137,0

S138,6

S138,0

S138,0

S138,0

S138,0

S139,0

S139,0

S139,0

S139,0

S139,0

S140,8

S140,0

S140,0

S140,0

S140,0

S141,8

S141,0

S141,0

S141,0

S141,0

S142,9

S142,0

S142,0

S142,0

S142,0

S143,8

S143,0

S143,0

S143,0

S143,0

S144,8

S144,0

S144,0

S144,0

S144,0

S145,9

S145,0

S145,0

S145,0

S145,0

S146,4

S146,0

S146,0

S146,0

S146,0

S147,9

S147,0

S147,0

S147,0

S147,0

S148,9

S148,0

S148,0

S148,0

S148,0

S149,4

S149,0

S149,0

S149,0

S149,0

S150,6

S150,0

S150,0

S150,0

S150,0

S151,9

S151,0

S151,0

S151,0

S151,0

S152,6

S152,0

S152,0

S152,0

S152,0

S153,6

S153,0

S153,0

S153,0

S153,0

S154,9

S154,0

S154,0

S154,0

S154,0

S155,9

S155,0

S155,0

S155,0

S155,0

S156,9

S156,0

S156,0

S156,0

S156,0

S157,8

S157,0

S157,0

S157,0

S157,0

S158,11

S158,0

S158,0

S158,0

S158,0

S159,3

S159,0

S159,0

S159,0

S159,0

S160,4

S160,0

S160,0

S160,0

S160,0

S161,4

S161,0

S161,0

S161,0

S161,0

S162,8

S162,0

S162,0

S162,0

S162,0

S163,2

S163,0

S163,0

S163,0

S163,0

S164,8

S164,0

S164,0

S164,0

S164,0

S165,8

S165,0

S165,0

S165,0

S165,0

S166,4

S166,0

S166,0

S166,0

S166,0

S167,8

S167,0

S167,0

S167,0

S167,0

S168,8

S168,0

S168,0

S168,0

S168,0

S169,6

S169,0

S169,0

S169,0

S169,0

S170,9

S170,0

S170,0

S170,0

S170,0

S171,11

S171,0

S171,0

S171,0

S171,0

S172,13

S172,0

S172,0

S172,0

S172,0

S173,7

S173,0

S173,0

S173,0

S173,0

S174,10

S174,0

S174,0

S174,0

S174,0

S175,5

S175,0

S175,0

S175,0

S175,0

S176,9

S176,0

S176,0

S176,0

S176,0

S177,7

S177,0

S177,0

S177,0

S177,0

S178,9

S178,0

S178,0

S178,0

S178,0

S179,0

S179,0

S179,0

S179,0

S179,0

S180,6

S180,0

S180,0

S180,0

S180,0

S181,6

S181,0

S181,0

S181,0

S181,0

S182,4

S182,0

S182,0

S182,0

S182,0

S183,9

S183,0

S183,0

S183,0

S183,0

S184,4

S184,0

S184,0

S184,0

S184,0

S185,9

S185,0

S185,0

S185,0

S185,0

S186,3

S186,0

S186,0

S186,0

S186,0

S187,9

S187,0

S187,0

S187,0

S187,0

S188,4

S188,0

S188,0

S188,0

S188,0

S189,3

S189,0

S189,0

S189,0

S189,0

S190,9

S190,0

S190,0

S190,0

S190,0

S191,5

S191,0

S191,0

S191,0

S191,0

S192,9

S192,0

S192,0

S192,0

S192,0

S193,2

S193,0

S193,0

S193,0

S193,0

S194,8

S194,0

S194,0

S194,0

S194,0

S195,2

S195,0

S195,0

S195,0

S195,0

S196,2

S196,0

S196,0

S196,0

S196,0

S197,10

S197,0

S197,0

S197,0

S197,0

S198,9

S198,0

S198,0

S198,0

S198,0

S199,6

S199,0

S199,0

S199,0

S199,0

S200,8

S200,0

S200,0

S200,0

S200,0

S201,13

S201,0

S201,0

S201,0

S201,0

S202,4

S202,0

S202,0

S202,0

S202,0

S203,1

S203,0

S203,0

S203,0

S203,0

S204,6

S204,0

S204,0

S204,0

S204,0

S205,6

S205,0

S205,0

S205,0

S205,0

S206,5

S206,0

S206,0

S206,0

S206,0

S207,6

S207,0

S207,0

S207,0

S207,0

S208,4

S208,0

S208,0

S208,0

S208,0

S209,10

S209,0

S209,0

S209,0

S209,0

S210,5

S210,0

S210,0

S210,0

S210,0

S211,7

S211,0

S211,0

S211,0

S211,0

S212,2

S212,0

S212,0

S212,0

S212,0

S213,14

S213,0

S213,0

S213,0

S213,0

S214,9

S214,0

S214,0

S214,0

S214,0

S215,8

S215,0

S215,0

S215,0

S215,0

S216,0

S216,0

S216,0

S216,0

S216,0

S217,6

S217,0

S217,0

S217,0

S217,0

S218,10

S218,0

S218,0

S218,0

S218,0

S219,12

S219,0

S219,0

S219,0

S219,0

S220,6

S220,0

S220,0

S220,0

S220,0

S221,5

S221,0

S221,0

S221,0

S221,0

S222,3

S222,0

S222,0

S222,0

S222,0

S223,11

S223,0

S223,0

S223,0

S223,0

S224,7

S224,0

S224,0

S224,0

S224,0

S225,8

S225,0

S225,0

S225,0

S225,0

S226,10

S226,0

S226,0

S226,0

S226,0

S227,7

S227,0

S227,0

S227,0

S227,0

S228,5

S228,0

S228,0

S228,0

S228,0

S229,9

S229,0

S229,0

S229,0

S229,0

S230,8

S230,0

S230,0

S230,0

S230,0

S231,2

S231,0

S231,0

S231,0

S231,0

S232,7

S232,0

S232,0

S232,0

S232,0

S233,6

S233,0

S233,0

S233,0

S233,0

S234,7

S234,0

S234,0

S234,0

S234,0

S235,11

S235,0

S235,0

S235,0

S235,0

S236,7

S236,0

S236,0

S236,0

S236,0

S237,7

S237,0

S237,0

S237,0

S237,0

S238,6

S238,0

S238,0

S238,0

S238,0

S239,6

S239,0

S239,0

S239,0

S239,0

S240,3

S240,0

S240,0

S240,0

S240,0

S241,4

S241,0

S241,0

S241,0

S241,0

S242,9

S242,0

S242,0

S242,0

S242,0

S243,4

S243,0

S243,0

S243,0

S243,0

S244,7

S244,0

S244,0

S244,0

S244,0

S245,10

S245,0

S245,0

S245,0

S245,0

S246,3

S246,0

S246,0

S246,0

S246,0

S247,7

S247,0

S247,0

S247,0

S247,0

S248,8

S248,0

S248,0

S248,0

S248,0

S249,5

S249,0

S249,0

S249,0

S249,0

S250,8

S250,0

S250,0

S250,0

S250,0

S251,2

S251,0

S251,0

S251,0

S251,0

S252,6

S252,0

S252,0

S252,0

S252,0

S253,9

S253,0

S253,0

S253,0

S253,0

S254,1

S254,0

S254,0

S254,0

S254,0

S255,14

S255,0

S255,0

S255,0

S255,0

S256,9

S256,0

S256,0

S256,0

S256,0

S257,2

S257,0

S257,0

S257,0

S257,0

S258,5

S258,0

S258,0

S258,0

S258,0

S259,3

S259,0

S259,0

S259,0

S259,0

S260,6

S260,0

S260,0

S260,0

S260,0

S261,6

S261,0

S261,0

S261,0

S261,0

S262,7

S262,0

S262,0

S262,0

S262,0

S263,9

S263,0

S263,0

S263,0

S263,0

S264,7

S264,0

S264,0

S264,0

S264,0

S265,9

S265,0

S265,0

S265,0

S265,0

S266,3

S266,0

S266,0

S266,0

S266,0

S267,6

S267,0

S267,0

S267,0

S267,0

S268,10

S268,0

S268,0

S268,0

S268,0

S269,10

S269,0

S269,0

S269,0

S269,0

S270,10

S270,0

S270,0

S270,0

S270,0

S271,4

S271,0

S271,0

S271,0

S271,0

S272,6

S272,0

S272,0

S272,0

S272,0

S273,5

S273,0

S273,0

S273,0

S273,0

S274,5

S274,0

S274,0

S274,0

S274,0

S275,10

S275,0

S275,0

S275,0

S275,0

S276,12

S276,0

S276,0

S276,0

S276,0

S277,7

S277,0

S277,0

S277,0

S277,0

S278,7

S278,0

S278,0

S278,0

S278,0

S279,4

S279,0

S279,0

S279,0

S279,0

S280,10

S280,0

S280,0

S280,0

S280,0

S281,7

S281,0

S281,0

S281,0

S281,0

S282,6

S282,0

S282,0

S282,0

S282,0

S283,4

S283,0

S283,0

S283,0

S283,0

S284,8

S284,0

S284,0

S284,0

S284,0

S285,8

S285,0

S285,0

S285,0

S285,0

S286,10

S286,0

S286,0

S286,0

S286,0

S287,5

S287,0

S287,0

S287,0

S287,0

S288,6

S288,0

S288,0

S288,0

S288,0

S289,13

S289,0

S289,0

S289,0

S289,0

S290,10

S290,0

S290,0

S290,0

S290,0

S291,5

S291,0

S291,0

S291,0

S291,0

S292,5

S292,0

S292,0

S292,0

S292,0

S293,9

S293,0

S293,0

S293,0

S293,0

S294,8

S294,0

S294,0

S294,0

S294,0

S295,11

S295,0

S295,0

S295,0

S295,0

S296,7

S296,0

S296,0

S296,0

S296,0

S297,4

S297,0

S297,0

S297,0

S297,0

S298,5

S298,0

S298,0

S298,0

S298,0

S299,7

S299,0

S299,0

S299,0

S299,0

S300,8

S300,0

S300,0

S300,0

S300,0

S301,2

S301,0

S301,0

S301,0

S301,0

S302,9

S302,0

S302,0

S302,0

S302,0

S303,5

S303,0

S303,0

S303,0

S303,0

S304,11

S304,0

S304,0

S304,0

S304,0

S305,9

S305,0

S305,0

S305,0

S305,0

S306,5

S306,0

S306,0

S306,0

S306,0

S307,9

S307,0

S307,0

S307,0

S307,0

S308,7

S308,0

S308,0

S308,0

S308,0

S309,8

S309,0

S309,0

S309,0

S309,0

S310,8

S310,0

S310,0

S310,0

S310,0

S311,9

S311,0

S311,0

S311,0

S311,0

S312,9

S312,0

S312,0

S312,0

S312,0

S313,7

S313,0

S313,0

S313,0

S313,0

S314,6

S314,0

S314,0

S314,0

S314,0

S315,4

S315,0

S315,0

S315,0

S315,0

S316,6

S316,0

S316,0

S316,0

S316,0

S317,2

S317,0

S317,0

S317,0

S317,0

S318,2

S318,0

S318,0

S318,0

S318,0

S319,12

S319,0

S319,0

S319,0

S319,0

S320,4

S320,0

S320,0

S320,0

S320,0

S321,8

S321,0

S321,0

S321,0

S321,0

S322,5

S322,0

S322,0

S322,0

S322,0

S323,7

S323,0

S323,0

S323,0

S323,0

S324,6

S324,0

S324,0

S324,0

S324,0

S325,10

S325,0

S325,0

S325,0

S325,0

S326,5

S326,0

S326,0

S326,0

S326,0

S327,6

S327,0

S327,0

S327,0

S327,0

S328,11

S328,0

S328,0

S328,0

S328,0

S329,8

S329,0

S329,0

S329,0

S329,0

S330,6

S330,0

S330,0

S330,0

S330,0

S331,4

S331,0

S331,0

S331,0

S331,0

S332,7

S332,0

S332,0

S332,0

S332,0

S333,6

S333,0

S333,0

S333,0

S333,0

S334,7

S334,0

S334,0

S334,0

S334,0

S335,8

S335,0

S335,0

S335,0

S335,0

S336,9

S336,0

S336,0

S336,0

S336,0

S337,4

S337,0

S337,0

S337,0

S337,0

S338,4

S338,0

S338,0

S338,0

S338,0

S339,5

S339,0

S339,0

S339,0

S339,0

S340,9

S340,0

S340,0

S340,0

S340,0

S341,3

S341,0

S341,0

S341,0

S341,0

S342,8

S342,0

S342,0

S342,0

S342,0

S343,8

S343,0

S343,0

S343,0

S343,0

S344,6

S344,0

S344,0

S344,0

S344,0

S345,6

S345,0

S345,0

S345,0

S345,0

S346,4

S346,0

S346,0

S346,0

S346,0

S347,11

S347,0

S347,0

S347,0

S347,0

S348,8

S348,0

S348,0

S348,0

S348,0

S349,9

S349,0

S349,0

S349,0

S349,0

S350,8

S350,0

S350,0

S350,0

S350,0

S351,4

S351,0

S351,0

S351,0

S351,0

S352,9

S352,0

S352,0

S352,0

S352,0

S353,7

S353,0

S353,0

S353,0

S353,0

S354,7

S354,0

S354,0

S354,0

S354,0

S355,6

S355,0

S355,0

S355,0

S355,0

S356,7

S356,0

S356,0

S356,0

S356,0

S357,9

S357,0

S357,0

S357,0

S357,0

S358,7

S358,0

S358,0

S358,0

S358,0

S359,1

S359,0

S359,0

S359,0

S359,0

S360,9

S360,0

S360,0

S360,0

S360,0

S361,6

S361,0

S361,0

S361,0

S361,0

S362,10

S362,0

S362,0

S362,0

S362,0

S363,4

S363,0

S363,0

S363,0

S363,0

S364,5

S364,0

S364,0

S364,0

S364,0

S365,9

S365,0

S365,0

S365,0

S365,0

S366,7

S366,0

S366,0

S366,0

S366,0

S367,9

S367,0

S367,0

S367,0

S367,0

S368,5

S368,0

S368,0

S368,0

S368,0

S369,6

S369,0

S369,0

S369,0

S369,0

S370,9

S370,0

S370,0

S370,0

S370,0

S371,6

S371,0

S371,0

S371,0

S371,0

S372,6

S372,0

S372,0

S372,0

S372,0

S373,8

S373,0

S373,0

S373,0

S373,0

S374,9

S374,0

S374,0

S374,0

S374,0

S375,10

S375,0

S375,0

S375,0

S375,0

S376,6

S376,0

S376,0

S376,0

S376,0

S377,4

S377,0

S377,0

S377,0

S377,0

S378,2

S378,0

S378,0

S378,0

S378,0

S379,11

S379,0

S379,0

S379,0

S379,0

S380,9

S380,0

S380,0

S380,0

S380,0

S381,1

S381,0

S381,0

S381,0

S381,0

S382,9

S382,0

S382,0

S382,0

S382,0

S383,5

S383,0

S383,0

S383,0

S383,0

S384,9

S384,0

S384,0

S384,0

S384,0

S385,8

S385,0

S385,0

S385,0

S385,0

S386,6

S386,0

S386,0

S386,0

S386,0

S387,6

S387,0

S387,0

S387,0

S387,0

S388,8

S388,0

S388,0

S388,0

S388,0

S389,6

S389,0

S389,0

S389,0

S389,0

S390,6

S390,0

S390,0

S390,0

S390,0

S391,7

S391,0

S391,0

S391,0

S391,0

S392,4

S392,0

S392,0

S392,0

S392,0

S393,8

S393,0

S393,0

S393,0

S393,0

S394,10

S394,0

S394,0

S394,0

S394,0

S395,3

S395,0

S395,0

S395,0

S395,0

S396,4

S396,0

S396,0

S396,0

S396,0

S397,3

S397,0

S397,0

S397,0

S397,0

S398,10

S398,0

S398,0

S398,0

S398,0

S399,6

S399,0

S399,0

S399,0

S399,0

S400,11

S400,0

S400,0

S400,0

S400,0

S401,9

S401,0

S401,0

S401,0

S401,0

S402,4

S402,0

S402,0

S402,0

S402,0

S403,8

S403,0

S403,0

S403,0

S403,0

S404,5

S404,0

S404,0

S404,0

S404,0

S405,7

S405,0

S405,0

S405,0

S405,0

S406,3

S406,0

S406,0

S406,0

S406,0

S407,5

S407,0

S407,0

S407,0

S407,0

S408,4

S408,0

S408,0

S408,0

S408,0

S409,7

S409,0

S409,0

S409,0

S409,0

S410,10

S410,0

S410,0

S410,0

S410,0

S411,2

S411,0

S411,0

S411,0

S411,0

S412,10

S412,0

S412,0

S412,0

S412,0

S413,3

S413,0

S413,0

S413,0

S413,0

S414,10

S414,0

S414,0

S414,0

S414,0

S415,3

S415,0

S415,0

S415,0

S415,0

S416,9

S416,0

S416,0

S416,0

S416,0

S417,10

S417,0

S417,0

S417,0

S417,0

S418,2

S418,0

S418,0

S418,0

S418,0

S419,12

S419,0

S419,0

S419,0

S419,0

S420,7

S420,0

S420,0

S420,0

S420,0

S421,3

S421,0

S421,0

S421,0

S421,0

S422,5

S422,0

S422,0

S422,0

S422,0

S423,11

S423,0

S423,0

S423,0

S423,0

S424,5

S424,0

S424,0

S424,0

S424,0

S425,7

S425,0

S425,0

S425,0

S425,0

S426,10

S426,0

S426,0

S426,0

S426,0

S427,9

S427,0

S427,0

S427,0

S427,0

S428,3

S428,0

S428,0

S428,0

S428,0

S429,8

S429,0

S429,0

S429,0

S429,0

S430,4

S430,0

S430,0

S430,0

S430,0

S431,7

S431,0

S431,0

S431,0

S431,0

S432,5

S432,0

S432,0

S432,0

S432,0

S433,8

S433,0

S433,0

S433,0

S433,0

S434,11

S434,0

S434,0

S434,0

S434,0

S435,8

S435,0

S435,0

S435,0

S435,0

S436,2

S436,0

S436,0

S436,0

S436,0

S437,3

S437,0

S437,0

S437,0

S437,0

S438,11

S438,0

S438,0

S438,0

S438,0

S439,5

S439,0

S439,0

S439,0

S439,0

S440,9

S440,0

S440,0

S440,0

S440,0

S441,6

S441,0

S441,0

S441,0

S441,0

S442,10

S442,0

S442,0

S442,0

S442,0

S443,12

S443,0

S443,0

S443,0

S443,0

S444,8

S444,0

S444,0

S444,0

S444,0

S445,7

S445,0

S445,0

S445,0

S445,0

S446,6

S446,0

S446,0

S446,0

S446,0

S447,9

S447,0

S447,0

S447,0

S447,0

S448,10

S448,0

S448,0

S448,0

S448,0

S449,5

S449,0

S449,0

S449,0

S449,0

S450,8

S450,0

S450,0

S450,0

S450,0

S451,9

S451,0

S451,0

S451,0

S451,0

S452,6

S452,0

S452,0

S452,0

S452,0

S453,9

S453,0

S453,0

S453,0

S453,0

S454,18

S454,0

S454,0

S454,0

S454,0

S455,4

S455,0

S455,0

S455,0

S455,0

S456,11

S456,0

S456,0

S456,0

S456,0

S457,11

S457,0

S457,0

S457,0

S457,0

S458,8

S458,0

S458,0

S458,0

S458,0

S459,11

S459,0

S459,0

S459,0

S459,0

S460,4

S460,0

S460,0

S460,0

S460,0

S461,8

S461,0

S461,0

S461,0

S461,0

S462,8

S462,0

S462,0

S462,0

S462,0

S463,5

S463,0

S463,0

S463,0

S463,0

S464,10

S464,0

S464,0

S464,0

S464,0

S465,5

S465,0

S465,0

S465,0

S465,0

S466,5

S466,0

S466,0

S466,0

S466,0

S467,6

S467,0

S467,0

S467,0

S467,0

S468,6

S468,0

S468,0

S468,0

S468,0

S469,11

S469,0

S469,0

S469,0

S469,0

S470,3

S470,0

S470,0

S470,0

S470,0

S471,6

S471,0

S471,0

S471,0

S471,0

S472,5

S472,0

S472,0

S472,0

S472,0

S473,8

S473,0

S473,0

S473,0

S473,0

S474,7

S474,0

S474,0

S474,0

S474,0

S475,9

S475,0

S475,0

S475,0

S475,0

S476,6

S476,0

S476,0

S476,0

S476,0

S477,8

S477,0

S477,0

S477,0

S477,0

S478,6

S478,0

S478,0

S478,0

S478,0

S479,1

S479,0

S479,0

S479,0

S479,0

S480,10

S480,0

S480,0

S480,0

S480,0

S481,4

S481,0

S481,0

S481,0

S481,0

S482,11

S482,0

S482,0

S482,0

S482,0

S483,8

S483,0

S483,0

S483,0

S483,0

S484,7

S484,0

S484,0

S484,0

S484,0

S485,9

S485,0

S485,0

S485,0

S485,0

S486,7

S486,0

S486,0

S486,0

S486,0

S487,9

S487,0

S487,0

S487,0

S487,0

S488,7

S488,0

S488,0

S488,0

S488,0

S489,5

S489,0

S489,0

S489,0

S489,0

S490,1

S490,0

S490,0

S490,0

S490,0

S491,9

S491,0

S491,0

S491,0

S491,0

S492,5

S492,0

S492,0

S492,0

S492,0

S493,11

S493,0

S493,0

S493,0

S493,0

S494,8

S494,0

S494,0

S494,0

S494,0

S495,5

S495,0

S495,0

S495,0

S495,0

S496,5

S496,0

S496,0

S496,0

S496,0

S497,9

S497,0

S497,0

S497,0

S497,0

S498,3

S498,0

S498,0

S498,0

S498,0

S499,10

S499,0

S499,0

S499,0

S499,0

S500,9

S500,0

S500,0

S500,0

S500,0

S501,3

S501,0

S501,0

S501,0

S501,0

S502,6

S502,0

S502,0

S502,0

S502,0

S503,6

S503,0

S503,0

S503,0

S503,0

S504,9

S504,0

S504,0

S504,0

S504,0

S505,8

S505,0

S505,0

S505,0

S505,0

S506,6

S506,0

S506,0

S506,0

S506,0

S507,11

S507,0

S507,0

S507,0

S507,0

S508,5

S508,0

S508,0

S508,0

S508,0

S509,7

S509,0

S509,0

S509,0

S509,0

S510,4

S510,0

S510,0

S510,0

S510,0

S511,5

S511,0

S511,0

S511,0

S511,0

S512,4

S512,0

S512,0

S512,0

S512,0

S513,7

S513,0

S513,0

S513,0

S513,0

S514,2

S514,0

S514,0

S514,0

S514,0

S515,6

S515,0

S515,0

S515,0

S515,0

S516,9

S516,0

S516,0

S516,0

S516,0

S517,7

S517,0

S517,0

S517,0

S517,0

S518,5

S518,0

S518,0

S518,0

S518,0

S519,7

S519,0

S519,0

S519,0

S519,0

S520,7

S520,0

S520,0

S520,0

S520,0

S521,9

S521,0

S521,0

S521,0

S521,0

S522,6

S522,0

S522,0

S522,0

S522,0

S523,10

S523,0

S523,0

S523,0

S523,0

S524,4

S524,0

S524,0

S524,0

S524,0

S525,8

S525,0

S525,0

S525,0

S525,0

S526,6

S526,0

S526,0

S526,0

S526,0

S527,12

S527,0

S527,0

S527,0

S527,0

S528,11

S528,0

S528,0

S528,0

S528,0

S529,7

S529,0

S529,0

S529,0

S529,0

S530,6

S530,0

S530,0

S530,0

S530,0

S531,6

S531,0

S531,0

S531,0

S531,0

S532,7

S532,0

S532,0

S532,0

S532,0

S533,8

S533,0

S533,0

S533,0

S533,0

S534,11

S534,0

S534,0

S534,0

S534,0

S535,5

S535,0

S535,0

S535,0

S535,0

S536,7

S536,0

S536,0

S536,0

S536,0

S537,9

S537,0

S537,0

S537,0

S537,0

S538,9

S538,0

S538,0

S538,0

S538,0

S539,6

S539,0

S539,0

S539,0

S539,0

S540,11

S540,0

S540,0

S540,0

S540,0

S541,9

S541,0

S541,0

S541,0

S541,0

S542,4

S542,0

S542,0

S542,0

S542,0

S543,8

S543,0

S543,0

S543,0

S543,0

S544,5

S544,0

S544,0

S544,0

S544,0

S545,10

S545,0

S545,0

S545,0

S545,0

S546,11

S546,0

S546,0

S546,0

S546,0

S547,3

S547,0

S547,0

S547,0

S547,0

S548,5

S548,0

S548,0

S548,0

S548,0

S549,4

S549,0

S549,0

S549,0

S549,0

S550,9

S550,0

S550,0

S550,0

S550,0

S551,13

S551,0

S551,0

S551,0

S551,0

S552,10

S552,0

S552,0

S552,0

S552,0

S553,5

S553,0

S553,0

S553,0

S553,0

S554,8

S554,0

S554,0

S554,0

S554,0

S555,9

S555,0

S555,0

S555,0

S555,0

S556,7

S556,0

S556,0

S556,0

S556,0

S557,4

S557,0

S557,0

S557,0

S557,0

S558,9

S558,0

S558,0

S558,0

S558,0

S559,6

S559,0

S559,0

S559,0

S559,0

S560,10

S560,0

S560,0

S560,0

S560,0

S561,9

S561,0

S561,0

S561,0

S561,0

S562,5

S562,0

S562,0

S562,0

S562,0

S563,7

S563,0

S563,0

S563,0

S563,0

S564,6

S564,0

S564,0

S564,0

S564,0

S565,4

S565,0

S565,0

S565,0

S565,0

S566,11

S566,0

S566,0

S566,0

S566,0

S567,7

S567,0

S567,0

S567,0

S567,0

S568,6

S568,0

S568,0

S568,0

S568,0

S569,6

S569,0

S569,0

S569,0

S569,0

S570,6

S570,0

S570,0

S570,0

S570,0

S571,8

S571,0

S571,0

S571,0

S571,0

S572,6

S572,0

S572,0

S572,0

S572,0

S573,8

S573,0

S573,0

S573,0

S573,0

S574,7

S574,0

S574,0

S574,0

S574,0

S575,11

S575,0

S575,0

S575,0

S575,0

S576,8

S576,0

S576,0

S576,0

S576,0

S577,8

S577,0

S577,0

S577,0

S577,0

S578,6

S578,0

S578,0

S578,0

S578,0

S579,8

S579,0

S579,0

S579,0

S579,0

S580,8

S580,0

S580,0

S580,0

S580,0

S581,3

S581,0

S581,0

S581,0

S581,0

S582,3

S582,0

S582,0

S582,0

S582,0

S583,8

S583,0

S583,0

S583,0

S583,0

S584,7

S584,0

S584,0

S584,0

S584,0

S585,4

S585,0

S585,0

S585,0

S585,0

S586,7

S586,0

S586,0

S586,0

S586,0

S587,4

S587,0

S587,0

S587,0

S587,0

S588,9

S588,0

S588,0

S588,0

S588,0

S589,8

S589,0

S589,0

S589,0

S589,0

S590,14

S590,0

S590,0

S590,0

S590,0

S591,0

S591,0

S591,0

S591,0

S591,0

S592,9

S592,0

S592,0

S592,0

S592,0

S593,6

S593,0

S593,0

S593,0

S593,0

S594,5

S594,0

S594,0

S594,0

S594,0

S595,5

S595,0

S595,0

S595,0

S595,0

S596,8

S596,0

S596,0

S596,0

S596,0

S597,12

S597,0

S597,0

S597,0

S597,0

S598,5

S598,0

S598,0

S598,0

S598,0

S599,4

S599,0

S599,0

S599,0

S599,0

S600,9

S600,0

S600,0

S600,0

S600,0

S601,8

S601,0

S601,0

S601,0

S601,0

S602,7

S602,0

S602,0

S602,0

S602,0

S603,8

S603,0

S603,0

S603,0

S603,0

S604,5

S604,0

S604,0

S604,0

S604,0

S605,8

S605,0

S605,0

S605,0

S605,0

S606,6

S606,0

S606,0

S606,0

S606,0

S607,8

S607,0

S607,0

S607,0

S607,0

S608,8

S608,0

S608,0

S608,0

S608,0

S609,8

S609,0

S609,0

S609,0

S609,0

S610,4

S610,0

S610,0

S610,0

S610,0

S611,5

S611,0

S611,0

S611,0

S611,0

S612,11

S612,0

S612,0

S612,0

S612,0

S613,9

S613,0

S613,0

S613,0

S613,0

S614,11

S614,0

S614,0

S614,0

S614,0

S615,7

S615,0

S615,0

S615,0

S615,0

S616,8

S616,0

S616,0

S616,0

S616,0

S617,13

S617,0

S617,0

S617,0

S617,0

S618,8

S618,0

S618,0

S618,0

S618,0

S619,8

S619,0

S619,0

S619,0

S619,0

S620,2

S620,0

S620,0

S620,0

S620,0

S621,5

S621,0

S621,0

S621,0

S621,0

S622,7

S622,0

S622,0

S622,0

S622,0

S623,7

S623,0

S623,0

S623,0

S623,0

S624,5

S624,0

S624,0

S624,0

S624,0

S625,6

S625,0

S625,0

S625,0

S625,0

S626,8

S626,0

S626,0

S626,0

S626,0

S627,9

S627,0

S627,0

S627,0

S627,0

S628,5

S628,0

S628,0

S628,0

S628,0

S629,12

S629,0

S629,0

S629,0

S629,0

S630,5

S630,0

S630,0

S630,0

S630,0

S631,6

S631,0

S631,0

S631,0

S631,0

S632,9

S632,0

S632,0

S632,0

S632,0

S633,8

S633,0

S633,0

S633,0

S633,0

S634,7

S634,0

S634,0

S634,0

S634,0

S635,7

S635,0

S635,0

S635,0

S635,0

S636,0

S636,0

S636,0

S636,0

S636,0

S637,2

S637,0

S637,0

S637,0

S637,0

S638,12

S638,0

S638,0

S638,0

S638,0

S639,8

S639,0

S639,0

S639,0

S639,0

S640,5

S640,0

S640,0

S640,0

S640,0

S641,13

S641,0

S641,0

S641,0

S641,0

S642,5

S642,0

S642,0

S642,0

S642,0

S643,7

S643,0

S643,0

S643,0

S643,0

S644,6

S644,0

S644,0

S644,0

S644,0

S645,4

S645,0

S645,0

S645,0

S645,0

S646,9

S646,0

S646,0

S646,0

S646,0

S647,2

S647,0

S647,0

S647,0

S647,0

S648,2

S648,0

S648,0

S648,0

S648,0

S649,10

S649,0

S649,0

S649,0

S649,0

S650,7

S650,0

S650,0

S650,0

S650,0

S651,10

S651,0

S651,0

S651,0

S651,0

S652,11

S652,0

S652,0

S652,0

S652,0

S653,7

S653,0

S653,0

S653,0

S653,0

S654,5

S654,0

S654,0

S654,0

S654,0

S655,9

S655,0

S655,0

S655,0

S655,0

S656,12

S656,0

S656,0

S656,0

S656,0

S657,5

S657,0

S657,0

S657,0

S657,0

S658,9

S658,0

S658,0

S658,0

S658,0

S659,7

S659,0

S659,0

S659,0

S659,0

S660,7

S660,0

S660,0

S660,0

S660,0

S661,4

S661,0

S661,0

S661,0

S661,0

S662,11

S662,0

S662,0

S662,0

S662,0

S663,4

S663,0

S663,0

S663,0

S663,0

S664,4

S664,0

S664,0

S664,0

S664,0

S665,7

S665,0

S665,0

S665,0

S665,0

S666,10

S666,0

S666,0

S666,0

S666,0

S667,7

S667,0

S667,0

S667,0

S667,0

S668,3

S668,0

S668,0

S668,0

S668,0

S669,4

S669,0

S669,0

S669,0

S669,0

S670,6

S670,0

S670,0

S670,0

S670,0

S671,4

S671,0

S671,0

S671,0

S671,0

S672,5

S672,0

S672,0

S672,0

S672,0

S673,13

S673,0

S673,0

S673,0

S673,0

S674,4

S674,0

S674,0

S674,0

S674,0

S675,6

S675,0

S675,0

S675,0

S675,0

S676,12

S676,0

S676,0

S676,0

S676,0

S677,6

S677,0

S677,0

S677,0

S677,0

S678,11

S678,0

S678,0

S678,0

S678,0

S679,12

S679,0

S679,0

S679,0

S679,0

S680,6

S680,0

S680,0

S680,0

S680,0

S681,7

S681,0

S681,0

S681,0

S681,0

S682,6

S682,0

S682,0

S682,0

S682,0

S683,4

S683,0

S683,0

S683,0

S683,0

S684,10

S684,0

S684,0

S684,0

S684,0

S685,4

S685,0

S685,0

S685,0

S685,0

S686,3

S686,0

S686,0

S686,0

S686,0

S687,2

S687,0

S687,0

S687,0

S687,0

S688,7

S688,0

S688,0

S688,0

S688,0

S689,10

S689,0

S689,0

S689,0

S689,0

S690,5

S690,0

S690,0

S690,0

S690,0

S691,8

S691,0

S691,0

S691,0

S691,0

S692,9

S692,0

S692,0

S692,0

S692,0

S693,7

S693,0

S693,0

S693,0

S693,0

S694,7

S694,0

S694,0

S694,0

S694,0

S695,10

S695,0

S695,0

S695,0

S695,0

S696,7

S696,0

S696,0

S696,0

S696,0

S697,9

S697,0

S697,0

S697,0

S697,0

S698,10

S698,0

S698,0

S698,0

S698,0

S699,5

S699,0

S699,0

S699,0

S699,0

S700,1

S700,0

S700,0

S700,0

S700,0

S701,6

S701,0

S701,0

S701,0

S701,0

S702,3

S702,0

S702,0

S702,0

S702,0

S703,7

S703,0

S703,0

S703,0

S703,0

S704,7

S704,0

S704,0

S704,0

S704,0

S705,9

S705,0

S705,0

S705,0

S705,0

S706,7

S706,0

S706,0

S706,0

S706,0

S707,1

S707,0

S707,0

S707,0

S707,0

S708,10

S708,0

S708,0

S708,0

S708,0

S709,6

S709,0

S709,0

S709,0

S709,0

S710,6

S710,0

S710,0

S710,0

S710,0

S711,4

S711,0

S711,0

S711,0

S711,0

S712,6

S712,0

S712,0

S712,0

S712,0

S713,10

S713,0

S713,0

S713,0

S713,0

S714,10

S714,0

S714,0

S714,0

S714,0

S715,5

S715,0

S715,0

S715,0

S715,0

S716,5

S716,0

S716,0

S716,0

S716,0

S717,9

S717,0

S717,0

S717,0

S717,0

S718,8

S718,0

S718,0

S718,0

S718,0

S719,11

S719,0

S719,0

S719,0

S719,0

S720,9

S720,0

S720,0

S720,0

S720,0

S721,4

S721,0

S721,0

S721,0

S721,0

S722,7

S722,0

S722,0

S722,0

S722,0

S723,13

S723,0

S723,0

S723,0

S723,0

S724,8

S724,0

S724,0

S724,0

S724,0

S725,7

S725,0

S725,0

S725,0

S725,0

S726,1

S726,0

S726,0

S726,0

S726,0

S727,8

S727,0

S727,0

S727,0

S727,0

S728,2

S728,0

S728,0

S728,0

S728,0

S729,7

S729,0

S729,0

S729,0

S729,0

S730,8

S730,0

S730,0

S730,0

S730,0

S731,8

S731,0

S731,0

S731,0

S731,0

S732,3

S732,0

S732,0

S732,0

S732,0

S733,6

S733,0

S733,0

S733,0

S733,0

S734,5

S734,0

S734,0

S734,0

S734,0

S735,5

S735,0

S735,0

S735,0

S735,0

S736,10

S736,0

S736,0

S736,0

S736,0

S737,4

S737,0

S737,0

S737,0

S737,0

S738,8

S738,0

S738,0

S738,0

S738,0

S739,7

S739,0

S739,0

S739,0

S739,0

S740,4

S740,0

S740,0

S740,0

S740,0

S741,5

S741,0

S741,0

S741,0

S741,0

S742,14

S742,0

S742,0

S742,0

S742,0

S743,11

S743,0

S743,0

S743,0

S743,0

S744,6

S744,0

S744,0

S744,0

S744,0

S745,7

S745,0

S745,0

S745,0

S745,0

S746,5

S746,0

S746,0

S746,0

S746,0

S747,8

S747,0

S747,0

S747,0

S747,0

S748,12

S748,0

S748,0

S748,0

S748,0

S749,5

S749,0

S749,0

S749,0

S749,0

S750,9

S750,0

S750,0

S750,0

S750,0

S751,9

S751,0

S751,0

S751,0

S751,0

S752,10

S752,0

S752,0

S752,0

S752,0

S753,5

S753,0

S753,0

S753,0

S753,0

S754,5

S754,0

S754,0

S754,0

S754,0

S755,3

S755,0

S755,0

S755,0

S755,0

S756,6

S756,0

S756,0

S756,0

S756,0

S757,11

S757,0

S757,0

S757,0

S757,0

S758,1

S758,0

S758,0

S758,0

S758,0

S759,9

S759,0

S759,0

S759,0

S759,0

S760,6

S760,0

S760,0

S760,0

S760,0

S761,4

S761,0

S761,0

S761,0

S761,0

S762,13

S762,0

S762,0

S762,0

S762,0

S763,4

S763,0

S763,0

S763,0

S763,0

S764,1

S764,0

S764,0

S764,0

S764,0

S765,5

S765,0

S765,0

S765,0

S765,0

S766,1

S766,0

S766,0

S766,0

S766,0

S767,8

S767,0

S767,0

S767,0

S767,0

S768,6

S768,0

S768,0

S768,0

S768,0

S769,6

S769,0

S769,0

S769,0

S769,0

S770,8

S770,0

S770,0

S770,0

S770,0

S771,10

S771,0

S771,0

S771,0

S771,0

S772,5

S772,0

S772,0

S772,0

S772,0

S773,5

S773,0

S773,0

S773,0

S773,0

S774,9

S774,0

S774,0

S774,0

S774,0

S775,7

S775,0

S775,0

S775,0

S775,0

S776,4

S776,0

S776,0

S776,0

S776,0

S777,6

S777,0

S777,0

S777,0

S777,0

S778,3

S778,0

S778,0

S778,0

S778,0

S779,7

S779,0

S779,0

S779,0

S779,0

S780,6

S780,0

S780,0

S780,0

S780,0

S781,8

S781,0

S781,0

S781,0

S781,0

S782,14

S782,0

S782,0

S782,0

S782,0

S783,3

S783,0

S783,0

S783,0

S783,0

S784,3

S784,0

S784,0

S784,0

S784,0

S785,9

S785,0

S785,0

S785,0

S785,0

S786,6

S786,0

S786,0

S786,0

S786,0

S787,11

S787,0

S787,0

S787,0

S787,0

S788,10

S788,0

S788,0

S788,0

S788,0

S789,6

S789,0

S789,0

S789,0

S789,0

S790,9

S790,0

S790,0

S790,0

S790,0

S791,6

S791,0

S791,0

S791,0

S791,0

S792,11

S792,0

S792,0

S792,0

S792,0

S793,3

S793,0

S793,0

S793,0

S793,0

S794,12

S794,0

S794,0

S794,0

S794,0

S795,7

S795,0

S795,0

S795,0

S795,0

S796,13

S796,0

S796,0

S796,0

S796,0

S797,9

S797,0

S797,0

S797,0

S797,0

S798,5

S798,0

S798,0

S798,0

S798,0

S799,13

S799,0

S799,0

S799,0

S799,0

S800,9

S800,0

S800,0

S800,0

S800,0

S801,5

S801,0

S801,0

S801,0

S801,0

S802,4

S802,0

S802,0

S802,0

S802,0

S803,6

S803,0

S803,0

S803,0

S803,0

S804,3

S804,0

S804,0

S804,0

S804,0

S805,10

S805,0

S805,0

S805,0

S805,0

S806,6

S806,0

S806,0

S806,0

S806,0

S807,10

S807,0

S807,0

S807,0

S807,0

S808,11

S808,0

S808,0

S808,0

S808,0

S809,9

S809,0

S809,0

S809,0

S809,0

S810,5

S810,0

S810,0

S810,0

S810,0

S811,12

S811,0

S811,0

S811,0

S811,0

S812,4

S812,0

S812,0

S812,0

S812,0

S813,9

S813,0

S813,0

S813,0

S813,0

S814,4

S814,0

S814,0

S814,0

S814,0

S815,3

S815,0

S815,0

S815,0

S815,0

S816,1

S816,0

S816,0

S816,0

S816,0

S817,4

S817,0

S817,0

S817,0

S817,0

S818,7

S818,0

S818,0

S818,0

S818,0

S819,8

S819,0

S819,0

S819,0

S819,0

S820,8

S820,0

S820,0

S820,0

S820,0

S821,10

S821,0

S821,0

S821,0

S821,0

S822,8

S822,0

S822,0

S822,0

S822,0

S823,3

S823,0

S823,0

S823,0

S823,0

S824,7

S824,0

S824,0

S824,0

S824,0

S825,5

S825,0

S825,0

S825,0

S825,0

S826,4

S826,0

S826,0

S826,0

S826,0

S827,3

S827,0

S827,0

S827,0

S827,0

S828,10

S828,0

S828,0

S828,0

S828,0

S829,8

S829,0

S829,0

S829,0

S829,0

S830,9

S830,0

S830,0

S830,0

S830,0

S831,5

S831,0

S831,0

S831,0

S831,0

S832,10

S832,0

S832,0

S832,0

S832,0

S833,8

S833,0

S833,0

S833,0

S833,0

S834,10

S834,0

S834,0

S834,0

S834,0

S835,6

S835,0

S835,0

S835,0

S835,0

S836,9

S836,0

S836,0

S836,0

S836,0

S837,4

S837,0

S837,0

S837,0

S837,0

S838,7

S838,0

S838,0

S838,0

S838,0

S839,9

S839,0

S839,0

S839,0

S839,0

S840,5

S840,0

S840,0

S840,0

S840,0

S841,6

S841,0

S841,0

S841,0

S841,0

S842,6

S842,0

S842,0

S842,0

S842,0

S843,9

S843,0

S843,0

S843,0

S843,0

S844,9

S844,0

S844,0

S844,0

S844,0

S845,7

S845,0

S845,0

S845,0

S845,0

S846,5

S846,0

S846,0

S846,0

S846,0

S847,8

S847,0

S847,0

S847,0

S847,0

S848,6

S848,0

S848,0

S848,0

S848,0

S849,9

S849,0

S849,0

S849,0

S849,0

S850,2

S850,0

S850,0

S850,0

S850,0

S851,6

S851,0

S851,0

S851,0

S851,0

S852,9

S852,0

S852,0

S852,0

S852,0

S853,10

S853,0

S853,0

S853,0

S853,0

S854,7

S854,0

S854,0

S854,0

S854,0

S855,10

S855,0

S855,0

S855,0

S855,0

S856,6

S856,0

S856,0

S856,0

S856,0

S857,7

S857,0

S857,0

S857,0

S857,0

S858,9

S858,0

S858,0

S858,0

S858,0

S859,7

S859,0

S859,0

S859,0

S859,0

S860,12

S860,0

S860,0

S860,0

S860,0

S861,12

S861,0

S861,0

S861,0

S861,0

S862,1

S862,0

S862,0

S862,0

S862,0

S863,3

S863,0

S863,0

S863,0

S863,0

S864,6

S864,0

S864,0

S864,0

S864,0

S865,7

S865,0

S865,0

S865,0

S865,0

S866,5

S866,0

S866,0

S866,0

S866,0

S867,9

S867,0

S867,0

S867,0

S867,0

S868,12

S868,0

S868,0

S868,0

S868,0

S869,6

S869,0

S869,0

S869,0

S869,0

S870,6

S870,0

S870,0

S870,0

S870,0

S871,9

S871,0

S871,0

S871,0

S871,0

S872,10

S872,0

S872,0

S872,0

S872,0

S873,6

S873,0

S873,0

S873,0

S873,0

S874,7

S874,0

S874,0

S874,0

S874,0

S875,14

S875,0

S875,0

S875,0

S875,0

S876,11

S876,0

S876,0

S876,0

S876,0

S877,5

S877,0

S877,0

S877,0

S877,0

S878,7

S878,0

S878,0

S878,0

S878,0

S879,7

S879,0

S879,0

S879,0

S879,0

S880,5

S880,0

S880,0

S880,0

S880,0

S881,2

S881,0

S881,0

S881,0

S881,0

S882,13

S882,0

S882,0

S882,0

S882,0

S883,4

S883,0

S883,0

S883,0

S883,0

S884,7

S884,0

S884,0

S884,0

S884,0

S885,8

S885,0

S885,0

S885,0

S885,0

S886,2

S886,0

S886,0

S886,0

S886,0

S887,11

S887,0

S887,0

S887,0

S887,0

S888,6

S888,0

S888,0

S888,0

S888,0

S889,3

S889,0

S889,0

S889,0

S889,0

S890,7

S890,0

S890,0

S890,0

S890,0

S891,7

S891,0

S891,0

S891,0

S891,0

S892,8

S892,0

S892,0

S892,0

S892,0

S893,5

S893,0

S893,0

S893,0

S893,0

S894,7

S894,0

S894,0

S894,0

S894,0

S895,4

S895,0

S895,0

S895,0

S895,0

S896,6

S896,0

S896,0

S896,0

S896,0

S897,3

S897,0

S897,0

S897,0

S897,0

S898,4

S898,0

S898,0

S898,0

S898,0

S899,4

S899,0

S899,0

S899,0

S899,0

S900,4

S900,0

S900,0

S900,0

S900,0

S901,5

S901,0

S901,0

S901,0

S901,0

S902,14

S902,0

S902,0

S902,0

S902,0

S903,6

S903,0

S903,0

S903,0

S903,0

S904,11

S904,0

S904,0

S904,0

S904,0

S905,9

S905,0

S905,0

S905,0

S905,0

S906,4

S906,0

S906,0

S906,0

S906,0

S907,8

S907,0

S907,0

S907,0

S907,0

S908,4

S908,0

S908,0

S908,0

S908,0

S909,11

S909,0

S909,0

S909,0

S909,0

S910,4

S910,0

S910,0

S910,0

S910,0

S911,6

S911,0

S911,0

S911,0

S911,0

S912,12

S912,0

S912,0

S912,0

S912,0

S913,11

S913,0

S913,0

S913,0

S913,0

S914,5

S914,0

S914,0

S914,0

S914,0

S915,6

S915,0

S915,0

S915,0

S915,0

S916,2

S916,0

S916,0

S916,0

S916,0

S917,6

S917,0

S917,0

S917,0

S917,0

S918,2

S918,0

S918,0

S918,0

S918,0

S919,9

S919,0

S919,0

S919,0

S919,0

S920,8

S920,0

S920,0

S920,0

S920,0

S921,3

S921,0

S921,0

S921,0

S921,0

S922,4

S922,0

S922,0

S922,0

S922,0

S923,3

S923,0

S923,0

S923,0

S923,0

S924,9

S924,0

S924,0

S924,0

S924,0

S925,3

S925,0

S925,0

S925,0

S925,0

S926,6

S926,0

S926,0

S926,0

S926,0

S927,12

S927,0

S927,0

S927,0

S927,0

S928,8

S928,0

S928,0

S928,0

S928,0

S929,8

S929,0

S929,0

S929,0

S929,0

S930,9

S930,0

S930,0

S930,0

S930,0

S931,9

S931,0

S931,0

S931,0

S931,0

S932,10

S932,0

S932,0

S932,0

S932,0

S933,1

S933,0

S933,0

S933,0

S933,0

S934,7

S934,0

S934,0

S934,0

S934,0

S935,7

S935,0

S935,0

S935,0

S935,0

S936,10

S936,0

S936,0

S936,0

S936,0

S937,10

S937,0

S937,0

S937,0

S937,0

S938,8

S938,0

S938,0

S938,0

S938,0

S939,9

S939,0

S939,0

S939,0

S939,0

S940,7

S940,0

S940,0

S940,0

S940,0

S941,9

S941,0

S941,0

S941,0

S941,0

S942,7

S942,0

S942,0

S942,0

S942,0

S943,5

S943,0

S943,0

S943,0

S943,0

S944,9

S944,0

S944,0

S944,0

S944,0

S945,11

S945,0

S945,0

S945,0

S945,0

S946,7

S946,0

S946,0

S946,0

S946,0

S947,10

S947,0

S947,0

S947,0

S947,0

S948,8

S948,0

S948,0

S948,0

S948,0

S949,11

S949,0

S949,0

S949,0

S949,0

S950,6

S950,0

S950,0

S950,0

S950,0

S951,6

S951,0

S951,0

S951,0

S951,0

S952,1

S952,0

S952,0

S952,0

S952,0

S953,7

S953,0

S953,0

S953,0

S953,0

S954,4

S954,0

S954,0

S954,0

S954,0

S955,9

S955,0

S955,0

S955,0

S955,0

S956,6

S956,0

S956,0

S956,0

S956,0

S957,7

S957,0

S957,0

S957,0

S957,0

S958,8

S958,0

S958,0

S958,0

S958,0

S959,7

S959,0

S959,0

S959,0

S959,0

S960,9

S960,0

S960,0

S960,0

S960,0

S961,5

S961,0

S961,0

S961,0

S961,0

S962,7

S962,0

S962,0

S962,0

S962,0

S963,5

S963,0

S963,0

S963,0

S963,0

S964,9

S964,0

S964,0

S964,0

S964,0

S965,6

S965,0

S965,0

S965,0

S965,0

S966,1

S966,0

S966,0

S966,0

S966,0

S967,0

S967,0

S967,0

S967,0

S967,0

S968,8

S968,0

S968,0

S968,0

S968,0

S969,6

S969,0

S969,0

S969,0

S969,0

S970,8

S970,0

S970,0

S970,0

S970,0

S971,9

S971,0

S971,0

S971,0

S971,0

S972,7

S972,0

S972,0

S972,0

S972,0

S973,9

S973,0

S973,0

S973,0

S973,0

S974,10

S974,0

S974,0

S974,0

S974,0

S975,8

S975,0

S975,0

S975,0

S975,0

S976,7

S976,0

S976,0

S976,0

S976,0

S977,6

S977,0

S977,0

S977,0

S977,0

S978,6

S978,0

S978,0

S978,0

S978,0

S979,13

S979,0

S979,0

S979,0

S979,0

S980,9

S980,0

S980,0

S980,0

S980,0

S981,11

S981,0

S981,0

S981,0

S981,0

S982,9

S982,0

S982,0

S982,0

S982,0

S983,5

S983,0

S983,0

S983,0

S983,0

S984,9

S984,0

S984,0

S984,0

S984,0

S985,4

S985,0

S985,0

S985,0

S985,0

S986,4

S986,0

S986,0

S986,0

S986,0

S987,4

S987,0

S987,0

S987,0

S987,0

S988,2

S988,0

S988,0

S988,0

S988,0

S989,10

S989,0

S989,0

S989,0

S989,0

S990,5

S990,0

S990,0

S990,0

S990,0

S991,8

S991,0

S991,0

S991,0

S991,0

S992,8

S992,0

S992,0

S992,0

S992,0

S993,8

S993,0

S993,0

S993,0

S993,0

S994,8

S994,0

S994,0

S994,0

S994,0

S995,5

S995,0

S995,0

S995,0

S995,0

S996,7

S996,0

S996,0

S996,0

S996,0

S997,9

S997,0

S997,0

S997,0

S997,0

S998,11

S998,0

S998,0

S998,0

S998,0

S999,6

S999,0

S999,0

S999,0

S999,0

S1000,6

S1000,0

S1000,0

S1000,0

S1000,0
